id	url	match_date_title	team_1	team_2	total_score	shoots_in_target_1	shoots_in_target_2	falls_1	falls_2	corners_1	corners_2	off_side_1	off_side_2	possession_1	possession_2	free_kicks_1	free_kicks_2	shots_from_gate_1	shots_from_gate_2	blocked_shots_1	blocked_shots_2	outs_1	outs_2	yellow_cards_1	yellow_cards_2	red_cards_1	red_cards_2
1037769	https://www.championat.com/football/_england/tournament/5025/match/1037769/	26 апреля 2023, среда. 22:00 МСК	Манчестер Сити	Арсенал	4 : 1	14	8	13	13	1	3	0	1	52	48	14	13	9	6	2	3	13	13	3	1	0	0
1037209	https://www.championat.com/football/_england/tournament/5025/match/1037209/	31 августа 2022, среда. 21:30 МСК	Манчестер Сити	Ноттингем Форест	6 : 0	17	8	9	7	10	1	2	2	75	25	9	11	4	9	2	3	15	10	0	1	0	0
1037419	https://www.championat.com/football/_england/tournament/5025/match/1037419/	12 ноября 2022, суббота. 15:30 МСК	Манчестер Сити	Брентфорд	1 : 2	28	10	9	7	10	2	2	2	75	25	9	11	3	16	13	1	17	7	2	2	0	0
1037471	https://www.championat.com/football/_england/tournament/5025/match/1037471/	03 января 2023, вторник. 22:45 МСК	Арсенал	Ньюкасл Юнайтед	0 : 0	17	8	10	16	5	5	1	4	67	33	20	11	5	12	6	2	13	11	4	5	0	0
1037143	https://www.championat.com/football/_england/tournament/5025/match/1037143/	13 августа 2022, суббота. 17:00 МСК	Манчестер Сити	Борнмут	4 : 0	18	2	9	8	11	1	2	1	67	33	9	11	1	14	4	0	12	8	0	3	0	0
1037399	https://www.championat.com/football/_england/tournament/5025/match/1037399/	05 ноября 2022, суббота. 18:00 МСК	Манчестер Сити	Фулхэм	2 : 1	16	4	6	11	9	0	3	0	71	29	11	9	2	8	6	1	22	11	2	4	1	0
1037513	https://www.championat.com/football/_england/tournament/5025/match/1037513/	22 января 2023, воскресенье. 19:30 МСК	Арсенал	Манчестер Юнайтед	3 : 2	22	6	8	9	12	4	1	4	58	42	13	9	2	6	10	2	11	15	1	2	0	0
1037183	https://www.championat.com/football/_england/tournament/5025/match/1037183/	27 августа 2022, суббота. 17:00 МСК	Манчестер Сити	Кристал Пэлас	4 : 2	18	2	14	8	6	1	2	1	75	25	9	16	2	11	5	0	18	10	1	2	0	0
1037525	https://www.championat.com/football/_england/tournament/5025/match/1037525/	22 января 2023, воскресенье. 17:00 МСК	Манчестер Сити	Вулверхэмптон	3 : 0	13	7	10	10	5	7	1	0	56	44	10	11	3	11	1	3	12	13	1	2	0	0
1037719	https://www.championat.com/football/_england/tournament/5025/match/1037719/	15 апреля 2023, суббота. 19:30 МСК	Манчестер Сити	Лестер Сити	3 : 1	11	10	8	9	6	2	0	3	71	29	12	8	5	6	3	3	18	15	1	1	0	0
1037565	https://www.championat.com/football/_england/tournament/5025/match/1037565/	12 февраля 2023, воскресенье. 19:30 МСК	Манчестер Сити	Астон Вилла	3 : 1	17	6	13	14	8	4	1	4	67	33	18	14	2	8	5	2	13	11	1	2	0	0
1037799	https://www.championat.com/football/_england/tournament/5025/match/1037799/	06 мая 2023, суббота. 17:00 МСК	Манчестер Сити	Лидс Юнайтед	2 : 1	18	4	3	16	10	1	4	3	81	19	19	7	3	15	2	1	12	10	0	3	0	0
1037359	https://www.championat.com/football/_england/tournament/5025/match/1037359/	22 октября 2022, суббота. 17:00 МСК	Манчестер Сити	Брайтон энд Хоув Альбион	3 : 1	10	9	11	12	6	3	0	4	48	52	16	11	9	9	3	3	9	22	1	3	0	0
1037663	https://www.championat.com/football/_england/tournament/5025/match/1037663/	03 мая 2023, среда. 22:00 МСК	Манчестер Сити	Вест Хэм Юнайтед	3 : 0	16	6	8	8	6	3	1	0	69	31	8	9	2	12	2	1	15	12	0	1	0	0
1037245	https://www.championat.com/football/_england/tournament/5025/match/1037245/	19 января 2023, четверг. 23:00 МСК	Манчестер Сити	Тоттенхэм Хотспур	4 : 2	16	9	10	14	8	3	0	1	58	42	15	10	4	8	5	2	22	16	1	2	0	0
1037285	https://www.championat.com/football/_england/tournament/5025/match/1037285/	02 октября 2022, воскресенье. 16:00 МСК	Манчестер Сити	Манчестер Юнайтед	6 : 3	21	11	3	9	5	1	1	0	54	46	9	4	9	8	6	1	11	17	0	3	0	0
1037623	https://www.championat.com/football/_england/tournament/5025/match/1037623/	04 марта 2023, суббота. 15:30 МСК	Манчестер Сити	Ньюкасл Юнайтед	2 : 0	11	5	8	13	8	4	0	1	57	43	14	8	4	8	2	2	17	17	2	4	0	0
1037293	https://www.championat.com/football/_england/tournament/5025/match/1037293/	09 октября 2022, воскресенье. 18:30 МСК	Арсенал	Ливерпуль	3 : 2	11	8	11	11	4	3	3	6	44	56	17	14	4	3	3	3	14	29	1	2	0	0
1037683	https://www.championat.com/football/_england/tournament/5025/match/1037683/	01 апреля 2023, суббота. 14:30 МСК	Манчестер Сити	Ливерпуль	4 : 1	17	5	9	12	7	1	3	5	69	31	17	12	2	4	5	4	15	5	1	1	0	0
1037811	https://www.championat.com/football/_england/tournament/5025/match/1037811/	14 мая 2023, воскресенье. 18:30 МСК	Арсенал	Брайтон энд Хоув Альбион	0 : 3	14	12	13	17	5	2	1	4	41	59	21	14	5	9	5	1	10	15	1	2	0	0
1037459	https://www.championat.com/football/_england/tournament/5025/match/1037459/	31 декабря 2022, суббота. 18:00 МСК	Манчестер Сити	Эвертон	1 : 1	13	2	13	14	7	1	3	2	74	26	16	16	1	6	6	1	25	9	3	4	0	0
1037839	https://www.championat.com/football/_england/tournament/5025/match/1037839/	21 мая 2023, воскресенье. 18:00 МСК	Манчестер Сити	Челси	1 : 0	15	12	12	9	5	2	2	2	65	35	11	14	5	8	6	3	15	11	0	2	0	0
1037273	https://www.championat.com/football/_england/tournament/5025/match/1037273/	01 октября 2022, суббота. 14:30 МСК	Арсенал	Тоттенхэм Хотспур	3 : 1	22	7	10	10	5	2	1	3	65	35	13	11	3	12	4	2	17	17	2	1	0	1
1037193	https://www.championat.com/football/_england/tournament/5025/match/1037193/	31 августа 2022, среда. 21:30 МСК	Арсенал	Астон Вилла	2 : 1	22	5	10	14	10	3	1	1	60	40	15	11	5	12	9	0	15	13	2	3	0	0
1037171	https://www.championat.com/football/_england/tournament/5025/match/1037171/	27 августа 2022, суббота. 19:30 МСК	Арсенал	Фулхэм	2 : 1	22	11	6	12	9	2	1	0	72	28	12	7	9	11	10	2	17	18	2	3	0	0
1037773	https://www.championat.com/football/_england/tournament/5025/match/1037773/	02 мая 2023, вторник. 22:00 МСК	Арсенал	Челси	3 : 1	16	7	10	10	7	2	1	0	55	45	10	11	5	6	4	2	10	10	0	2	0	0
1037553	https://www.championat.com/football/_england/tournament/5025/match/1037553/	11 февраля 2023, суббота. 18:00 МСК	Арсенал	Брентфорд	1 : 1	21	8	9	9	7	4	1	1	69	31	10	10	8	11	7	2	17	12	0	2	0	0
1037851	https://www.championat.com/football/_england/tournament/5025/match/1037851/	28 мая 2023, воскресенье. 18:30 МСК	Арсенал	Вулверхэмптон	5 : 0	15	7	8	11	8	4	1	0	51	49	11	9	5	5	3	3	12	13	0	0	0	0
1037431	https://www.championat.com/football/_england/tournament/5025/match/1037431/	26 декабря 2022, понедельник. 23:00 МСК	Арсенал	Вест Хэм Юнайтед	3 : 1	16	8	14	16	7	5	3	0	68	32	16	17	5	7	5	0	9	15	0	2	0	0
1037131	https://www.championat.com/football/_england/tournament/5025/match/1037131/	13 августа 2022, суббота. 17:00 МСК	Арсенал	Лестер Сити	4 : 2	18	6	15	9	6	2	2	3	50	50	12	17	3	11	4	1	15	14	1	1	0	0
1037673	https://www.championat.com/football/_england/tournament/5025/match/1037673/	01 апреля 2023, суббота. 17:00 МСК	Арсенал	Лидс Юнайтед	4 : 1	13	7	11	13	4	3	5	1	67	33	14	16	4	5	5	1	14	20	0	2	0	0
1037651	https://www.championat.com/football/_england/tournament/5025/match/1037651/	19 марта 2023, воскресенье. 17:00 МСК	Арсенал	Кристал Пэлас	4 : 1	15	8	8	10	5	4	2	2	62	38	12	10	3	11	5	3	13	15	0	1	0	0
1037233	https://www.championat.com/football/_england/tournament/5025/match/1037233/	01 марта 2023, среда. 22:45 МСК	Арсенал	Эвертон	4 : 0	15	8	5	12	5	1	4	2	73	27	14	9	5	12	5	1	22	11	0	2	0	0
1037373	https://www.championat.com/football/_england/tournament/5025/match/1037373/	30 октября 2022, воскресенье. 17:00 МСК	Арсенал	Ноттингем Форест	5 : 0	24	6	9	8	9	4	1	2	69	31	10	10	4	11	10	1	19	13	0	1	0	0
1037221	https://www.championat.com/football/_england/tournament/5025/match/1037221/	04 сентября 2022, воскресенье. 18:30 МСК	Манчестер Юнайтед	Арсенал	3 : 1	8	17	13	9	2	5	4	0	40	60	9	17	11	3	0	6	16	18	3	3	0	0
1037611	https://www.championat.com/football/_england/tournament/5025/match/1037611/	04 марта 2023, суббота. 18:00 МСК	Арсенал	Борнмут	3 : 2	32	4	6	8	17	1	0	0	81	19	8	6	1	15	13	0	10	12	0	2	0	0
1037747	https://www.championat.com/football/_england/tournament/5025/match/1037747/	25 мая 2023, четверг. 22:00 МСК	Манчестер Юнайтед	Челси	4 : 1	18	14	12	6	3	4	0	0	40	60	6	12	9	4	5	4	15	10	1	1	0	0
1037787	https://www.championat.com/football/_england/tournament/5025/match/1037787/	30 апреля 2023, воскресенье. 16:00 МСК	Манчестер Юнайтед	Астон Вилла	1 : 0	14	7	16	7	1	4	7	3	57	43	10	23	4	7	2	4	28	21	2	0	0	0
1037541	https://www.championat.com/football/_england/tournament/5025/match/1037541/	04 февраля 2023, суббота. 18:00 МСК	Манчестер Юнайтед	Кристал Пэлас	2 : 1	13	9	9	9	5	5	1	4	54	46	13	10	4	6	4	2	20	26	1	2	1	0
1037163	https://www.championat.com/football/_england/tournament/5025/match/1037163/	22 августа 2022, понедельник. 22:00 МСК	Манчестер Юнайтед	Ливерпуль	2 : 1	12	17	11	7	6	8	2	2	30	70	9	13	16	4	4	6	15	28	3	1	0	0
1037323	https://www.championat.com/football/_england/tournament/5025/match/1037323/	16 октября 2022, воскресенье. 16:00 МСК	Манчестер Юнайтед	Ньюкасл Юнайтед	0 : 0	15	9	13	11	4	4	2	0	63	37	11	15	8	11	5	2	14	15	3	1	0	0
1037127	https://www.championat.com/football/_england/tournament/5025/match/1037127/	07 августа 2022, воскресенье. 16:00 МСК	Манчестер Юнайтед	Брайтон энд Хоув Альбион	1 : 2	17	16	7	12	6	2	3	1	63	37	13	10	12	11	7	6	20	22	4	1	0	0
1037603	https://www.championat.com/football/_england/tournament/5025/match/1037603/	05 апреля 2023, среда. 22:00 МСК	Манчестер Юнайтед	Брентфорд	1 : 0	18	6	8	13	12	3	3	1	65	35	14	11	9	10	6	1	12	11	3	2	0	0
1037349	https://www.championat.com/football/_england/tournament/5025/match/1037349/	19 октября 2022, среда. 22:15 МСК	Манчестер Юнайтед	Тоттенхэм Хотспур	2 : 0	25	7	7	7	8	3	4	0	51	49	7	11	6	12	7	2	16	17	1	0	0	0
1037387	https://www.championat.com/football/_england/tournament/5025/match/1037387/	30 октября 2022, воскресенье. 19:15 МСК	Манчестер Юнайтед	Вест Хэм Юнайтед	1 : 0	16	13	12	10	5	10	1	2	53	47	12	13	8	6	6	7	13	19	1	3	0	0
1037867	https://www.championat.com/football/_england/tournament/5025/match/1037867/	28 мая 2023, воскресенье. 18:30 МСК	Манчестер Юнайтед	Фулхэм	2 : 1	21	10	14	10	5	4	1	1	54	46	11	15	9	9	6	0	8	13	1	2	0	0
1037487	https://www.championat.com/football/_england/tournament/5025/match/1037487/	03 января 2023, вторник. 23:00 МСК	Манчестер Юнайтед	Борнмут	3 : 0	18	7	13	7	6	5	0	2	59	41	9	13	3	7	6	1	12	10	0	3	0	0
1037827	https://www.championat.com/football/_england/tournament/5025/match/1037827/	13 мая 2023, суббота. 17:00 МСК	Манчестер Юнайтед	Вулверхэмптон	2 : 0	26	5	9	9	11	7	0	1	48	52	10	9	7	13	7	0	17	21	3	2	0	0
1037447	https://www.championat.com/football/_england/tournament/5025/match/1037447/	27 декабря 2022, вторник. 23:00 МСК	Манчестер Юнайтед	Ноттингем Форест	3 : 0	17	8	13	4	9	9	1	2	66	34	6	14	5	7	6	2	15	23	3	1	0	0
1037581	https://www.championat.com/football/_england/tournament/5025/match/1037581/	19 февраля 2023, воскресенье. 17:00 МСК	Манчестер Юнайтед	Лестер Сити	3 : 0	25	19	9	9	6	6	0	1	57	43	10	9	7	10	8	7	17	15	0	2	0	0
1037703	https://www.championat.com/football/_england/tournament/5025/match/1037703/	08 апреля 2023, суббота. 14:30 МСК	Манчестер Юнайтед	Эвертон	2 : 0	29	15	10	9	10	4	3	2	64	36	11	13	5	9	8	9	20	16	0	0	0	0
1037389	https://www.championat.com/football/_england/tournament/5025/match/1037389/	29 октября 2022, суббота. 17:00 МСК	Ньюкасл Юнайтед	Астон Вилла	4 : 0	20	3	11	11	3	0	2	3	60	40	14	13	1	9	3	3	24	21	1	1	0	0
1037305	https://www.championat.com/football/_england/tournament/5025/match/1037305/	08 октября 2022, суббота. 17:00 МСК	Ньюкасл Юнайтед	Брентфорд	5 : 1	15	7	14	9	9	5	1	3	53	47	12	15	5	7	6	3	18	14	0	1	0	0
1037261	https://www.championat.com/football/_england/tournament/5025/match/1037261/	08 февраля 2023, среда. 23:00 МСК	Манчестер Юнайтед	Лидс Юнайтед	2 : 2	24	5	7	11	6	5	1	0	66	34	11	8	4	15	10	1	30	14	1	3	0	0
1037503	https://www.championat.com/football/_england/tournament/5025/match/1037503/	15 января 2023, воскресенье. 17:00 МСК	Ньюкасл Юнайтед	Фулхэм	1 : 0	21	4	6	14	10	5	2	3	63	37	17	8	4	11	9	1	19	19	1	3	0	0
1037605	https://www.championat.com/football/_england/tournament/5025/match/1037605/	18 мая 2023, четверг. 21:30 МСК	Ньюкасл Юнайтед	Брайтон энд Хоув Альбион	4 : 1	22	7	17	16	6	1	1	2	34	66	18	18	4	9	8	2	23	20	2	4	0	0
1037685	https://www.championat.com/football/_england/tournament/5025/match/1037685/	02 апреля 2023, воскресенье. 18:30 МСК	Ньюкасл Юнайтед	Манчестер Юнайтед	2 : 0	22	6	8	12	7	4	1	0	46	54	12	9	7	13	7	2	26	19	0	0	0	0
1037421	https://www.championat.com/football/_england/tournament/5025/match/1037421/	12 ноября 2022, суббота. 20:30 МСК	Ньюкасл Юнайтед	Челси	1 : 0	10	5	14	11	5	3	3	0	49	51	11	17	7	6	4	1	22	21	5	2	0	0
1037583	https://www.championat.com/football/_england/tournament/5025/match/1037583/	18 февраля 2023, суббота. 20:30 МСК	Ньюкасл Юнайтед	Ливерпуль	0 : 2	14	13	3	8	6	7	3	0	37	63	8	6	6	8	3	3	15	14	1	1	1	0
1037345	https://www.championat.com/football/_england/tournament/5025/match/1037345/	19 октября 2022, среда. 21:30 МСК	Ньюкасл Юнайтед	Эвертон	1 : 0	16	1	9	12	8	2	0	3	49	51	15	9	1	12	3	0	19	30	2	4	0	0
1037121	https://www.championat.com/football/_england/tournament/5025/match/1037121/	06 августа 2022, суббота. 17:00 МСК	Ньюкасл Юнайтед	Ноттингем Форест	2 : 0	23	5	9	14	11	1	2	0	62	38	14	11	2	11	6	2	19	24	0	3	0	0
1037223	https://www.championat.com/football/_england/tournament/5025/match/1037223/	03 сентября 2022, суббота. 17:00 МСК	Ньюкасл Юнайтед	Кристал Пэлас	0 : 0	24	19	19	12	13	5	2	1	52	48	13	21	4	11	11	6	16	18	2	2	0	0
1037801	https://www.championat.com/football/_england/tournament/5025/match/1037801/	07 мая 2023, воскресенье. 18:30 МСК	Ньюкасл Юнайтед	Арсенал	0 : 2	14	10	16	12	9	4	0	1	54	46	13	16	6	6	4	2	26	17	2	1	0	0
1037263	https://www.championat.com/football/_england/tournament/5025/match/1037263/	17 сентября 2022, суббота. 17:00 МСК	Ньюкасл Юнайтед	Борнмут	1 : 1	20	10	10	11	8	1	3	1	73	27	12	13	6	11	5	2	26	14	2	2	0	0
1037645	https://www.championat.com/football/_england/tournament/5025/match/1037645/	12 марта 2023, воскресенье. 19:30 МСК	Ньюкасл Юнайтед	Вулверхэмптон	2 : 1	19	7	11	10	10	3	0	0	42	58	10	11	7	7	8	0	23	14	1	2	0	0
1037543	https://www.championat.com/football/_england/tournament/5025/match/1037543/	04 февраля 2023, суббота. 20:30 МСК	Ньюкасл Юнайтед	Вест Хэм Юнайтед	1 : 1	7	11	11	13	4	2	0	2	63	37	15	11	7	8	3	5	19	17	2	1	0	0
1037749	https://www.championat.com/football/_england/tournament/5025/match/1037749/	23 апреля 2023, воскресенье. 16:00 МСК	Ньюкасл Юнайтед	Тоттенхэм Хотспур	6 : 1	25	11	7	13	9	3	2	0	58	42	13	9	8	5	12	3	11	21	0	3	0	0
1037461	https://www.championat.com/football/_england/tournament/5025/match/1037461/	31 декабря 2022, суббота. 18:00 МСК	Ньюкасл Юнайтед	Лидс Юнайтед	0 : 0	16	8	13	19	9	3	4	0	59	41	19	17	4	11	2	4	35	17	3	5	0	0
1037701	https://www.championat.com/football/_england/tournament/5025/match/1037701/	09 апреля 2023, воскресенье. 18:30 МСК	Ливерпуль	Арсенал	2 : 2	21	9	11	11	5	4	2	2	59	41	13	13	7	11	5	2	13	13	4	4	0	0
1037841	https://www.championat.com/football/_england/tournament/5025/match/1037841/	22 мая 2023, понедельник. 22:00 МСК	Ньюкасл Юнайтед	Лестер Сити	0 : 0	23	1	9	5	12	1	1	0	77	23	5	10	1	18	6	0	19	11	2	0	0	0
1037207	https://www.championat.com/football/_england/tournament/5025/match/1037207/	31 августа 2022, среда. 22:00 МСК	Ливерпуль	Ньюкасл Юнайтед	2 : 1	23	5	9	10	13	0	2	2	72	28	12	11	6	9	8	0	24	12	0	2	0	0
1037621	https://www.championat.com/football/_england/tournament/5025/match/1037621/	05 марта 2023, воскресенье. 19:30 МСК	Ливерпуль	Манчестер Юнайтед	7 : 0	18	8	13	14	4	3	0	4	60	40	18	13	8	10	5	1	20	22	2	3	0	0
1037283	https://www.championat.com/football/_england/tournament/5025/match/1037283/	01 октября 2022, суббота. 17:00 МСК	Ливерпуль	Брайтон энд Хоув Альбион	3 : 3	15	6	9	13	9	2	1	0	54	46	13	10	1	11	4	0	25	14	1	1	0	0
1037837	https://www.championat.com/football/_england/tournament/5025/match/1037837/	20 мая 2023, суббота. 17:00 МСК	Ливерпуль	Астон Вилла	1 : 1	10	6	16	13	9	3	4	1	66	34	14	20	3	8	4	1	23	18	3	5	0	0
1037141	https://www.championat.com/football/_england/tournament/5025/match/1037141/	15 августа 2022, понедельник. 22:00 МСК	Ливерпуль	Кристал Пэлас	1 : 1	23	6	7	8	4	2	3	2	72	28	10	10	5	16	9	0	27	18	2	4	1	0
1037347	https://www.championat.com/football/_england/tournament/5025/match/1037347/	19 октября 2022, среда. 21:30 МСК	Ливерпуль	Вест Хэм Юнайтед	1 : 0	22	8	9	8	8	3	1	0	53	47	8	10	6	9	7	1	21	21	0	0	0	0
1037523	https://www.championat.com/football/_england/tournament/5025/match/1037523/	21 января 2023, суббота. 15:30 МСК	Ливерпуль	Челси	0 : 0	11	11	16	9	5	5	5	1	48	52	10	21	12	9	3	3	19	18	3	1	0	0
1037661	https://www.championat.com/football/_england/tournament/5025/match/1037661/	03 мая 2023, среда. 22:00 МСК	Ливерпуль	Фулхэм	1 : 0	15	9	10	8	7	5	3	2	58	42	10	13	6	12	3	3	18	11	0	0	0	0
1037797	https://www.championat.com/football/_england/tournament/5025/match/1037797/	06 мая 2023, суббота. 19:30 МСК	Ливерпуль	Брентфорд	1 : 0	14	4	19	10	7	3	1	2	54	46	12	20	10	6	4	1	18	14	4	2	0	0
1037181	https://www.championat.com/football/_england/tournament/5025/match/1037181/	27 августа 2022, суббота. 17:00 МСК	Ливерпуль	Борнмут	9 : 0	19	5	6	5	8	1	3	0	71	29	5	9	3	11	1	1	19	20	0	1	0	0
1037785	https://www.championat.com/football/_england/tournament/5025/match/1037785/	30 апреля 2023, воскресенье. 18:30 МСК	Ливерпуль	Тоттенхэм Хотспур	4 : 3	12	10	12	6	4	2	0	5	69	31	11	12	4	7	4	0	22	16	3	2	0	0
1037243	https://www.championat.com/football/_england/tournament/5025/match/1037243/	01 марта 2023, среда. 23:00 МСК	Ливерпуль	Вулверхэмптон	2 : 0	14	4	13	14	5	2	1	3	57	43	17	14	3	7	3	1	27	22	2	3	0	0
1037453	https://www.championat.com/football/_england/tournament/5025/match/1037453/	31 декабря 2022, суббота. 20:30 МСК	Брайтон энд Хоув Альбион	Арсенал	2 : 4	9	14	7	11	7	4	5	0	68	32	11	12	5	8	2	4	26	13	3	3	0	0
1037137	https://www.championat.com/football/_england/tournament/5025/match/1037137/	13 августа 2022, суббота. 17:00 МСК	Брайтон энд Хоув Альбион	Ньюкасл Юнайтед	0 : 0	13	5	8	6	7	3	1	4	55	45	10	9	6	9	5	1	20	23	2	3	0	0
1037563	https://www.championat.com/football/_england/tournament/5025/match/1037563/	13 февраля 2023, понедельник. 23:00 МСК	Ливерпуль	Эвертон	2 : 0	15	6	8	16	3	3	4	2	60	40	18	12	4	8	5	2	25	18	1	3	0	0
1037457	https://www.championat.com/football/_england/tournament/5025/match/1037457/	30 декабря 2022, пятница. 23:00 МСК	Ливерпуль	Лестер Сити	2 : 1	21	7	8	15	4	5	2	5	58	42	20	10	6	11	8	2	18	14	0	1	0	0
1037385	https://www.championat.com/football/_england/tournament/5025/match/1037385/	29 октября 2022, суббота. 21:45 МСК	Ливерпуль	Лидс Юнайтед	1 : 2	23	14	9	3	14	4	0	0	69	31	3	9	5	10	3	2	19	32	0	1	0	0
1037657	https://www.championat.com/football/_england/tournament/5025/match/1037657/	04 мая 2023, четверг. 22:00 МСК	Брайтон энд Хоув Альбион	Манчестер Юнайтед	1 : 0	22	16	10	14	8	6	0	2	60	40	16	10	6	14	5	5	5	10	4	4	0	0
1037413	https://www.championat.com/football/_england/tournament/5025/match/1037413/	13 ноября 2022, воскресенье. 17:00 МСК	Брайтон энд Хоув Альбион	Астон Вилла	1 : 2	6	7	14	11	11	4	3	1	65	35	12	17	4	8	3	2	24	22	2	7	0	0
1037745	https://www.championat.com/football/_england/tournament/5025/match/1037745/	22 апреля 2023, суббота. 17:00 МСК	Ливерпуль	Ноттингем Форест	3 : 2	18	11	9	12	9	3	2	3	81	19	15	11	7	10	6	1	28	18	0	1	0	0
1037575	https://www.championat.com/football/_england/tournament/5025/match/1037575/	18 февраля 2023, суббота. 18:00 МСК	Брайтон энд Хоув Альбион	Фулхэм	0 : 1	21	5	12	14	10	2	4	0	65	35	14	16	3	12	4	3	12	9	0	5	0	0
1037675	https://www.championat.com/football/_england/tournament/5025/match/1037675/	01 апреля 2023, суббота. 17:00 МСК	Брайтон энд Хоув Альбион	Брентфорд	3 : 3	33	7	16	10	14	0	2	2	73	27	12	18	2	8	11	1	15	6	2	1	0	0
1037295	https://www.championat.com/football/_england/tournament/5025/match/1037295/	08 октября 2022, суббота. 19:30 МСК	Брайтон энд Хоув Альбион	Тоттенхэм Хотспур	0 : 1	14	8	9	14	6	2	2	2	58	42	16	11	14	7	5	1	18	14	1	2	0	0
1037495	https://www.championat.com/football/_england/tournament/5025/match/1037495/	14 января 2023, суббота. 18:00 МСК	Брайтон энд Хоув Альбион	Ливерпуль	3 : 0	16	6	8	15	7	1	4	2	62	38	17	12	4	4	4	1	21	13	1	3	0	0
1037617	https://www.championat.com/football/_england/tournament/5025/match/1037617/	04 марта 2023, суббота. 18:00 МСК	Брайтон энд Хоув Альбион	Вест Хэм Юнайтед	4 : 0	20	3	6	8	7	3	0	0	68	32	8	6	2	10	4	1	18	18	0	3	0	0
1037777	https://www.championat.com/football/_england/tournament/5025/match/1037777/	29 апреля 2023, суббота. 17:00 МСК	Брайтон энд Хоув Альбион	Вулверхэмптон	6 : 0	22	9	14	11	2	5	2	0	57	43	11	16	5	8	7	3	11	13	1	1	0	0
1037377	https://www.championat.com/football/_england/tournament/5025/match/1037377/	29 октября 2022, суббота. 17:00 МСК	Брайтон энд Хоув Альбион	Челси	4 : 1	19	15	16	6	8	7	0	0	41	59	6	16	9	9	3	4	12	22	1	2	0	0
1037177	https://www.championat.com/football/_england/tournament/5025/match/1037177/	27 августа 2022, суббота. 17:00 МСК	Брайтон энд Хоув Альбион	Лидс Юнайтед	1 : 0	12	9	10	14	5	3	2	1	44	56	15	12	7	11	1	4	28	18	2	3	0	0
1037215	https://www.championat.com/football/_england/tournament/5025/match/1037215/	04 сентября 2022, воскресенье. 16:00 МСК	Брайтон энд Хоув Альбион	Лестер Сити	5 : 2	23	6	6	8	10	1	2	3	54	46	11	8	4	10	7	1	14	17	1	1	0	0
1037337	https://www.championat.com/football/_england/tournament/5025/match/1037337/	18 октября 2022, вторник. 21:30 МСК	Брайтон энд Хоув Альбион	Ноттингем Форест	0 : 0	17	3	10	14	9	1	1	0	70	30	14	11	6	12	5	0	29	20	3	1	0	0
1037535	https://www.championat.com/football/_england/tournament/5025/match/1037535/	04 февраля 2023, суббота. 18:00 МСК	Брайтон энд Хоув Альбион	Борнмут	1 : 0	20	12	14	7	7	3	0	1	71	29	8	14	11	9	7	3	11	18	3	1	0	0
1037255	https://www.championat.com/football/_england/tournament/5025/match/1037255/	15 марта 2023, среда. 22:30 МСК	Брайтон энд Хоув Альбион	Кристал Пэлас	1 : 0	10	10	13	20	1	4	2	0	57	43	20	15	4	9	1	2	20	13	1	2	0	0
1037793	https://www.championat.com/football/_england/tournament/5025/match/1037793/	08 мая 2023, понедельник. 19:30 МСК	Брайтон энд Хоув Альбион	Эвертон	1 : 5	22	10	11	13	15	1	1	1	77	23	14	12	2	12	8	4	23	6	1	5	0	0
1037853	https://www.championat.com/football/_england/tournament/5025/match/1037853/	28 мая 2023, воскресенье. 18:30 МСК	Астон Вилла	Брайтон энд Хоув Альбион	2 : 1	12	8	15	16	3	3	0	6	41	59	22	15	8	12	2	1	20	13	4	4	0	0
1037571	https://www.championat.com/football/_england/tournament/5025/match/1037571/	18 февраля 2023, суббота. 15:30 МСК	Астон Вилла	Арсенал	2 : 4	7	20	13	4	2	9	0	2	33	67	6	13	12	2	1	7	12	36	2	2	0	0
1037391	https://www.championat.com/football/_england/tournament/5025/match/1037391/	06 ноября 2022, воскресенье. 17:00 МСК	Астон Вилла	Манчестер Юнайтед	3 : 1	6	7	6	12	3	5	0	3	42	58	15	6	5	8	0	3	14	21	3	3	0	0
1037711	https://www.championat.com/football/_england/tournament/5025/match/1037711/	15 апреля 2023, суббота. 14:30 МСК	Астон Вилла	Ньюкасл Юнайтед	3 : 0	14	8	13	15	7	2	1	4	52	48	19	14	6	7	2	3	20	17	1	1	0	0
1037433	https://www.championat.com/football/_england/tournament/5025/match/1037433/	26 декабря 2022, понедельник. 20:30 МСК	Астон Вилла	Ливерпуль	1 : 3	12	16	7	12	0	6	3	3	47	53	15	10	12	3	3	1	13	15	0	0	0	0
1037813	https://www.championat.com/football/_england/tournament/5025/match/1037813/	13 мая 2023, суббота. 17:00 МСК	Астон Вилла	Тоттенхэм Хотспур	2 : 1	7	4	9	14	8	3	2	9	49	51	23	11	4	7	0	0	7	14	3	3	0	0
1037311	https://www.championat.com/football/_england/tournament/5025/match/1037311/	16 октября 2022, воскресенье. 16:00 МСК	Астон Вилла	Челси	0 : 2	18	8	12	11	7	1	3	1	41	59	12	15	2	10	4	1	23	19	0	3	0	0
1037473	https://www.championat.com/football/_england/tournament/5025/match/1037473/	04 января 2023, среда. 23:00 МСК	Астон Вилла	Вулверхэмптон	1 : 1	10	7	6	12	7	8	1	4	56	44	16	7	6	9	4	2	18	14	1	3	0	0
1037613	https://www.championat.com/football/_england/tournament/5025/match/1037613/	04 марта 2023, суббота. 18:00 МСК	Астон Вилла	Кристал Пэлас	1 : 0	8	3	14	17	2	4	0	5	59	41	22	14	8	9	3	1	18	15	2	4	0	1
1037351	https://www.championat.com/football/_england/tournament/5025/match/1037351/	23 октября 2022, воскресенье. 16:00 МСК	Астон Вилла	Брентфорд	4 : 0	19	12	14	11	7	6	0	1	45	55	12	14	8	3	5	4	21	31	1	0	0	0
1037173	https://www.championat.com/football/_england/tournament/5025/match/1037173/	28 августа 2022, воскресенье. 16:00 МСК	Астон Вилла	Вест Хэм Юнайтед	0 : 1	9	7	10	10	3	2	2	1	56	44	11	12	5	9	2	2	24	23	2	0	0	0
1037763	https://www.championat.com/football/_england/tournament/5025/match/1037763/	25 апреля 2023, вторник. 21:45 МСК	Астон Вилла	Фулхэм	1 : 0	14	2	6	18	8	2	0	5	52	48	23	6	8	4	7	1	15	17	3	2	0	0
1037653	https://www.championat.com/football/_england/tournament/5025/match/1037653/	18 марта 2023, суббота. 18:00 МСК	Астон Вилла	Борнмут	3 : 0	18	9	8	13	9	6	0	2	56	44	15	8	8	4	6	3	18	13	1	4	0	0
1037491	https://www.championat.com/football/_england/tournament/5025/match/1037491/	13 января 2023, пятница. 23:00 МСК	Астон Вилла	Лидс Юнайтед	2 : 1	11	16	12	17	0	11	2	5	54	46	22	14	6	5	2	8	26	39	2	2	0	0
1037507	https://www.championat.com/football/_england/tournament/5025/match/1037507/	15 января 2023, воскресенье. 19:30 МСК	Тоттенхэм Хотспур	Арсенал	0 : 2	17	14	16	15	4	3	1	2	51	49	17	17	4	3	6	3	28	19	4	2	0	0
1037531	https://www.championat.com/football/_england/tournament/5025/match/1037531/	04 февраля 2023, суббота. 18:00 МСК	Астон Вилла	Лестер Сити	2 : 4	19	9	10	10	11	3	2	8	63	37	18	12	5	8	9	0	8	21	0	3	0	0
1037691	https://www.championat.com/football/_england/tournament/5025/match/1037691/	08 апреля 2023, суббота. 17:00 МСК	Астон Вилла	Ноттингем Форест	2 : 0	8	6	6	18	1	8	1	7	65	35	25	7	2	12	1	3	18	27	3	4	0	0
1037133	https://www.championat.com/football/_england/tournament/5025/match/1037133/	13 августа 2022, суббота. 14:30 МСК	Астон Вилла	Эвертон	2 : 1	11	9	9	7	5	8	2	3	58	42	10	11	1	6	5	5	20	18	4	1	0	0
1037365	https://www.championat.com/football/_england/tournament/5025/match/1037365/	23 октября 2022, воскресенье. 18:30 МСК	Тоттенхэм Хотспур	Ньюкасл Юнайтед	1 : 2	17	12	12	6	6	7	3	4	51	49	10	15	6	9	8	4	25	18	4	2	0	0
1037757	https://www.championat.com/football/_england/tournament/5025/match/1037757/	27 апреля 2023, четверг. 22:15 МСК	Тоттенхэм Хотспур	Манчестер Юнайтед	2 : 2	18	18	8	7	6	8	2	3	40	60	10	10	7	8	4	5	13	15	1	2	0	0
1037465	https://www.championat.com/football/_england/tournament/5025/match/1037465/	01 января 2023, воскресенье. 17:00 МСК	Тоттенхэм Хотспур	Астон Вилла	0 : 2	4	13	15	10	5	3	1	0	59	41	10	16	4	7	1	5	21	20	4	3	0	0
1037405	https://www.championat.com/football/_england/tournament/5025/match/1037405/	06 ноября 2022, воскресенье. 19:30 МСК	Тоттенхэм Хотспур	Ливерпуль	1 : 2	14	13	10	8	5	3	1	2	47	53	10	11	4	11	3	4	20	14	0	0	0	0
1037227	https://www.championat.com/football/_england/tournament/5025/match/1037227/	03 сентября 2022, суббота. 17:00 МСК	Тоттенхэм Хотспур	Фулхэм	2 : 1	23	9	9	6	10	3	3	0	52	48	6	12	7	5	6	2	18	26	3	4	0	0
1037707	https://www.championat.com/football/_england/tournament/5025/match/1037707/	08 апреля 2023, суббота. 17:00 МСК	Тоттенхэм Хотспур	Брайтон энд Хоув Альбион	2 : 1	10	16	15	15	3	7	2	1	35	65	16	17	8	7	2	7	11	15	3	1	1	0
1037805	https://www.championat.com/football/_england/tournament/5025/match/1037805/	06 мая 2023, суббота. 17:00 МСК	Тоттенхэм Хотспур	Кристал Пэлас	1 : 0	8	7	15	14	8	4	1	0	57	43	14	16	8	3	2	2	12	27	3	5	0	0
1037607	https://www.championat.com/football/_england/tournament/5025/match/1037607/	26 февраля 2023, воскресенье. 16:30 МСК	Тоттенхэм Хотспур	Челси	2 : 0	8	10	10	9	4	4	0	2	41	59	11	10	8	3	1	3	13	18	2	3	0	0
1037587	https://www.championat.com/football/_england/tournament/5025/match/1037587/	19 февраля 2023, воскресенье. 19:30 МСК	Тоттенхэм Хотспур	Вест Хэм Юнайтед	2 : 0	16	6	16	10	4	7	0	0	58	42	10	16	6	11	6	1	13	18	2	1	0	0
1037647	https://www.championat.com/football/_england/tournament/5025/match/1037647/	11 марта 2023, суббота. 18:00 МСК	Тоттенхэм Хотспур	Ноттингем Форест	3 : 1	15	9	13	13	2	10	1	1	56	44	14	14	9	3	5	1	13	9	3	1	0	0
1037725	https://www.championat.com/football/_england/tournament/5025/match/1037725/	15 апреля 2023, суббота. 17:15 МСК	Тоттенхэм Хотспур	Борнмут	2 : 3	24	9	8	9	8	1	1	1	57	43	10	9	3	15	7	1	21	9	1	3	0	0
1037167	https://www.championat.com/football/_england/tournament/5025/match/1037167/	20 августа 2022, суббота. 14:30 МСК	Тоттенхэм Хотспур	Вулверхэмптон	1 : 0	11	20	10	8	8	6	2	0	50	50	8	12	8	10	2	9	13	15	2	2	0	0
1037425	https://www.championat.com/football/_england/tournament/5025/match/1037425/	12 ноября 2022, суббота. 18:00 МСК	Тоттенхэм Хотспур	Лидс Юнайтед	4 : 3	15	12	8	7	9	2	0	1	55	45	8	8	5	6	4	5	27	17	1	2	0	1
1037845	https://www.championat.com/football/_england/tournament/5025/match/1037845/	20 мая 2023, суббота. 14:30 МСК	Тоттенхэм Хотспур	Брентфорд	1 : 3	22	11	11	9	8	2	1	1	61	39	10	12	8	8	8	1	21	20	1	1	0	0
1037253	https://www.championat.com/football/_england/tournament/5025/match/1037253/	18 сентября 2022, воскресенье. 14:00 МСК	Брентфорд	Арсенал	0 : 3	5	13	10	10	3	3	3	1	36	64	11	13	4	6	0	2	18	18	0	2	0	0
1037135	https://www.championat.com/football/_england/tournament/5025/match/1037135/	13 августа 2022, суббота. 19:30 МСК	Брентфорд	Манчестер Юнайтед	4 : 0	13	15	6	15	8	2	1	2	33	67	17	7	12	6	3	4	16	22	0	4	0	0
1037267	https://www.championat.com/football/_england/tournament/5025/match/1037267/	17 сентября 2022, суббота. 19:30 МСК	Тоттенхэм Хотспур	Лестер Сити	6 : 2	17	19	9	9	6	1	1	0	44	56	9	10	7	2	4	5	17	8	1	2	0	0
1037327	https://www.championat.com/football/_england/tournament/5025/match/1037327/	15 октября 2022, суббота. 19:30 МСК	Тоттенхэм Хотспур	Эвертон	2 : 0	20	4	12	13	7	1	0	0	62	38	13	12	6	7	7	1	21	9	1	4	0	0
1037735	https://www.championat.com/football/_england/tournament/5025/match/1037735/	22 апреля 2023, суббота. 17:00 МСК	Брентфорд	Астон Вилла	1 : 1	16	14	12	8	8	4	6	3	42	58	11	18	7	9	5	1	20	8	3	2	0	0
1037693	https://www.championat.com/football/_england/tournament/5025/match/1037693/	08 апреля 2023, суббота. 17:00 МСК	Брентфорд	Ньюкасл Юнайтед	1 : 2	11	7	10	15	6	5	2	2	41	59	17	12	6	5	0	1	16	8	0	2	0	0
1037475	https://www.championat.com/football/_england/tournament/5025/match/1037475/	02 января 2023, понедельник. 20:30 МСК	Брентфорд	Ливерпуль	3 : 1	10	16	5	8	4	9	7	4	27	73	12	12	4	4	2	8	14	28	1	3	0	0
1037615	https://www.championat.com/football/_england/tournament/5025/match/1037615/	06 марта 2023, понедельник. 23:00 МСК	Брентфорд	Фулхэм	3 : 2	13	10	12	17	2	3	3	1	36	64	18	15	4	9	1	0	21	22	0	3	0	0
1037313	https://www.championat.com/football/_england/tournament/5025/match/1037313/	14 октября 2022, пятница. 22:00 МСК	Брентфорд	Брайтон энд Хоув Альбион	2 : 0	8	20	12	15	2	11	0	3	27	73	18	12	7	6	1	11	13	17	3	1	0	0
1037213	https://www.championat.com/football/_england/tournament/5025/match/1037213/	03 сентября 2022, суббота. 17:00 МСК	Брентфорд	Лидс Юнайтед	5 : 2	14	15	8	10	2	6	1	1	32	68	11	9	8	8	0	2	14	22	2	2	0	0
1037493	https://www.championat.com/football/_england/tournament/5025/match/1037493/	14 января 2023, суббота. 20:30 МСК	Брентфорд	Борнмут	2 : 0	12	7	5	9	5	3	2	1	49	51	10	7	5	9	1	2	25	21	1	1	0	0
1037775	https://www.championat.com/football/_england/tournament/5025/match/1037775/	29 апреля 2023, суббота. 17:00 МСК	Брентфорд	Ноттингем Форест	2 : 1	14	5	6	13	6	0	1	1	69	31	14	7	4	7	3	1	25	24	1	2	0	0
1037335	https://www.championat.com/football/_england/tournament/5025/match/1037335/	19 октября 2022, среда. 21:30 МСК	Брентфорд	Челси	0 : 0	8	14	7	7	6	2	2	0	34	66	7	9	5	8	1	6	18	17	0	0	0	0
1037435	https://www.championat.com/football/_england/tournament/5025/match/1037435/	26 декабря 2022, понедельник. 15:30 МСК	Брентфорд	Тоттенхэм Хотспур	2 : 2	9	16	11	10	6	5	1	4	39	61	14	12	4	5	1	5	16	24	3	1	0	0
1037637	https://www.championat.com/football/_england/tournament/5025/match/1037637/	12 марта 2023, воскресенье. 17:00 МСК	Фулхэм	Арсенал	0 : 3	12	15	10	9	4	8	2	2	45	55	11	12	6	5	4	5	21	11	0	1	0	0
1037815	https://www.championat.com/football/_england/tournament/5025/match/1037815/	14 мая 2023, воскресенье. 16:00 МСК	Брентфорд	Вест Хэм Юнайтед	2 : 0	22	5	5	5	7	5	3	3	53	47	8	8	4	11	7	0	21	18	1	0	0	0
1037175	https://www.championat.com/football/_england/tournament/5025/match/1037175/	27 августа 2022, суббота. 17:00 МСК	Брентфорд	Эвертон	1 : 1	18	14	8	8	8	5	0	2	58	42	10	8	7	12	5	5	26	10	2	2	0	0
1037277	https://www.championat.com/football/_england/tournament/5025/match/1037277/	01 октября 2022, суббота. 17:00 МСК	Фулхэм	Ньюкасл Юнайтед	1 : 4	4	20	8	9	1	8	4	8	31	69	17	12	10	3	1	5	16	14	2	0	1	0
1037573	https://www.championat.com/football/_england/tournament/5025/match/1037573/	18 февраля 2023, суббота. 18:00 МСК	Брентфорд	Кристал Пэлас	1 : 1	12	10	10	8	2	6	3	2	59	41	10	13	2	11	2	4	32	10	2	2	0	0
1037195	https://www.championat.com/football/_england/tournament/5025/match/1037195/	30 августа 2022, вторник. 21:30 МСК	Фулхэм	Брайтон энд Хоув Альбион	2 : 1	10	7	9	11	3	3	0	2	39	61	13	9	8	11	0	1	23	26	2	1	0	0
1037375	https://www.championat.com/football/_england/tournament/5025/match/1037375/	29 октября 2022, суббота. 17:00 МСК	Брентфорд	Вулверхэмптон	1 : 1	11	14	10	17	3	6	0	1	59	41	18	10	9	7	4	3	24	16	3	3	0	1
1037655	https://www.championat.com/football/_england/tournament/5025/match/1037655/	18 марта 2023, суббота. 18:00 МСК	Брентфорд	Лестер Сити	1 : 1	11	13	10	11	8	4	1	3	52	48	14	11	5	10	7	6	21	20	2	2	1	0
1037415	https://www.championat.com/football/_england/tournament/5025/match/1037415/	13 ноября 2022, воскресенье. 19:30 МСК	Фулхэм	Манчестер Юнайтед	1 : 2	14	14	9	10	10	3	1	2	52	48	12	10	5	7	2	2	21	16	1	1	0	0
1037517	https://www.championat.com/football/_england/tournament/5025/match/1037517/	23 января 2023, понедельник. 23:15 МСК	Фулхэм	Тоттенхэм Хотспур	0 : 1	10	10	10	10	3	8	2	0	53	47	10	12	6	6	2	3	32	16	1	3	0	0
1037835	https://www.championat.com/football/_england/tournament/5025/match/1037835/	20 мая 2023, суббота. 17:00 МСК	Фулхэм	Кристал Пэлас	2 : 2	10	10	13	12	7	4	2	2	49	51	14	15	7	13	3	2	20	21	3	0	0	0
1037339	https://www.championat.com/football/_england/tournament/5025/match/1037339/	20 октября 2022, четверг. 21:30 МСК	Фулхэм	Астон Вилла	3 : 0	17	10	11	11	9	7	0	3	61	39	14	11	4	10	5	2	24	17	0	2	0	1
1037237	https://www.championat.com/football/_england/tournament/5025/match/1037237/	12 января 2023, четверг. 23:00 МСК	Фулхэм	Челси	2 : 1	8	20	12	16	5	7	3	3	48	52	19	15	8	2	2	7	31	13	4	3	0	1
1037157	https://www.championat.com/football/_england/tournament/5025/match/1037157/	20 августа 2022, суббота. 17:00 МСК	Фулхэм	Брентфорд	3 : 2	17	14	13	7	6	3	5	7	44	56	14	18	8	6	6	4	20	29	3	2	0	0
1037113	https://www.championat.com/football/_england/tournament/5025/match/1037113/	06 августа 2022, суббота. 14:30 МСК	Фулхэм	Ливерпуль	2 : 2	9	11	7	9	4	4	4	4	33	67	13	11	8	5	4	3	21	34	2	0	0	0
1037597	https://www.championat.com/football/_england/tournament/5025/match/1037597/	24 февраля 2023, пятница. 23:00 МСК	Фулхэм	Вулверхэмптон	1 : 1	11	7	12	17	3	3	1	1	50	50	18	13	11	7	3	1	30	22	2	0	0	0
1037795	https://www.championat.com/football/_england/tournament/5025/match/1037795/	08 мая 2023, понедельник. 17:00 МСК	Фулхэм	Лестер Сити	5 : 3	17	18	13	15	2	7	1	4	57	43	19	14	8	7	6	5	20	16	0	3	0	0
1037315	https://www.championat.com/football/_england/tournament/5025/match/1037315/	15 октября 2022, суббота. 17:00 МСК	Фулхэм	Борнмут	2 : 2	18	10	9	11	5	6	1	0	70	30	11	10	6	9	9	0	20	13	2	0	0	0
1037381	https://www.championat.com/football/_england/tournament/5025/match/1037381/	29 октября 2022, суббота. 19:30 МСК	Фулхэм	Эвертон	0 : 0	24	9	10	7	13	4	0	5	56	44	12	10	3	13	8	2	23	17	2	1	0	0
1037111	https://www.championat.com/football/_england/tournament/5025/match/1037111/	05 августа 2022, пятница. 22:00 МСК	Кристал Пэлас	Арсенал	0 : 2	10	11	16	11	3	5	1	2	56	44	13	17	6	1	6	5	22	13	1	2	0	0
1037557	https://www.championat.com/football/_england/tournament/5025/match/1037557/	11 февраля 2023, суббота. 18:00 МСК	Фулхэм	Ноттингем Форест	2 : 0	16	9	9	11	5	4	1	3	50	50	14	10	8	12	2	2	20	23	0	1	0	0
1037593	https://www.championat.com/football/_england/tournament/5025/match/1037593/	25 февраля 2023, суббота. 22:45 МСК	Кристал Пэлас	Ливерпуль	0 : 0	5	12	11	14	5	3	4	1	36	64	15	15	5	9	1	3	22	23	2	5	0	0
1037741	https://www.championat.com/football/_england/tournament/5025/match/1037741/	22 апреля 2023, суббота. 14:30 МСК	Фулхэм	Лидс Юнайтед	2 : 1	12	10	10	15	8	6	5	2	50	50	17	15	5	3	4	4	22	12	1	4	0	0
1037695	https://www.championat.com/football/_england/tournament/5025/match/1037695/	08 апреля 2023, суббота. 17:00 МСК	Фулхэм	Вест Хэм Юнайтед	0 : 1	13	9	10	12	11	4	0	2	76	24	14	10	7	5	8	0	23	17	1	1	0	0
1037515	https://www.championat.com/football/_england/tournament/5025/match/1037515/	21 января 2023, суббота. 20:30 МСК	Кристал Пэлас	Ньюкасл Юнайтед	0 : 0	6	16	13	7	3	15	0	1	39	61	8	13	10	5	4	2	23	15	4	2	0	0
1037153	https://www.championat.com/football/_england/tournament/5025/match/1037153/	20 августа 2022, суббота. 17:00 МСК	Кристал Пэлас	Астон Вилла	3 : 1	16	11	16	14	4	2	1	1	51	49	15	17	5	12	2	2	20	16	2	1	0	0
1037555	https://www.championat.com/football/_england/tournament/5025/match/1037555/	11 февраля 2023, суббота. 18:00 МСК	Кристал Пэлас	Брайтон энд Хоув Альбион	1 : 1	6	17	10	11	1	6	3	2	25	75	13	13	8	3	3	5	15	17	4	1	0	0
1037235	https://www.championat.com/football/_england/tournament/5025/match/1037235/	18 января 2023, среда. 23:00 МСК	Кристал Пэлас	Манчестер Юнайтед	1 : 1	8	13	9	10	3	3	0	1	40	60	11	9	9	3	1	3	22	17	1	2	0	0
1037479	https://www.championat.com/football/_england/tournament/5025/match/1037479/	04 января 2023, среда. 23:00 МСК	Кристал Пэлас	Тоттенхэм Хотспур	0 : 4	19	14	11	8	10	4	1	2	47	53	10	12	6	10	6	4	12	15	1	2	0	0
1037343	https://www.championat.com/football/_england/tournament/5025/match/1037343/	18 октября 2022, вторник. 22:15 МСК	Кристал Пэлас	Вулверхэмптон	2 : 1	14	10	14	18	4	2	0	4	53	47	22	14	4	10	5	1	22	17	3	1	0	0
1037203	https://www.championat.com/football/_england/tournament/5025/match/1037203/	30 августа 2022, вторник. 21:30 МСК	Кристал Пэлас	Брентфорд	1 : 1	13	11	11	8	4	6	1	0	49	51	8	12	8	10	3	2	18	20	1	2	0	0
1037859	https://www.championat.com/football/_england/tournament/5025/match/1037859/	28 мая 2023, воскресенье. 18:30 МСК	Кристал Пэлас	Ноттингем Форест	1 : 1	16	7	10	12	5	4	2	2	66	34	14	12	4	10	4	1	20	12	0	2	0	0
1037819	https://www.championat.com/football/_england/tournament/5025/match/1037819/	13 мая 2023, суббота. 17:00 МСК	Кристал Пэлас	Борнмут	2 : 0	17	5	5	12	11	2	2	1	60	40	13	7	3	11	5	4	14	18	0	2	0	0
1037275	https://www.championat.com/football/_england/tournament/5025/match/1037275/	01 октября 2022, суббота. 17:00 МСК	Кристал Пэлас	Челси	1 : 2	7	13	10	15	5	2	1	0	35	65	15	11	10	5	0	3	15	24	1	3	0	0
1037439	https://www.championat.com/football/_england/tournament/5025/match/1037439/	26 декабря 2022, понедельник. 18:00 МСК	Кристал Пэлас	Фулхэм	0 : 3	4	23	12	15	1	7	1	2	37	63	17	13	5	3	1	6	13	19	1	0	2	0
1037779	https://www.championat.com/football/_england/tournament/5025/match/1037779/	29 апреля 2023, суббота. 14:45 МСК	Кристал Пэлас	Вест Хэм Юнайтед	4 : 3	15	8	9	17	8	5	1	1	60	40	18	10	3	10	4	2	18	28	1	2	0	0
1037739	https://www.championat.com/football/_england/tournament/5025/match/1037739/	22 апреля 2023, суббота. 17:00 МСК	Кристал Пэлас	Эвертон	0 : 0	12	10	12	15	8	1	1	3	56	44	18	13	6	7	5	1	28	23	1	2	0	1
1037679	https://www.championat.com/football/_england/tournament/5025/match/1037679/	01 апреля 2023, суббота. 17:00 МСК	Кристал Пэлас	Лестер Сити	2 : 1	31	3	12	16	10	1	1	2	51	49	18	13	1	14	14	1	27	11	3	4	0	0
1037299	https://www.championat.com/football/_england/tournament/5025/match/1037299/	09 октября 2022, воскресенье. 16:00 МСК	Кристал Пэлас	Лидс Юнайтед	2 : 1	13	10	13	23	5	3	2	2	55	45	25	15	7	9	3	4	30	32	3	3	0	0
1037857	https://www.championat.com/football/_england/tournament/5025/match/1037857/	28 мая 2023, воскресенье. 18:30 МСК	Челси	Ньюкасл Юнайтед	1 : 1	22	13	9	11	10	3	2	1	65	35	12	11	5	9	8	4	15	16	0	0	0	0
1037353	https://www.championat.com/football/_england/tournament/5025/match/1037353/	22 октября 2022, суббота. 19:30 МСК	Челси	Манчестер Юнайтед	1 : 1	6	13	8	10	6	4	2	3	47	53	13	10	11	8	1	1	20	25	1	4	0	0
1037393	https://www.championat.com/football/_england/tournament/5025/match/1037393/	06 ноября 2022, воскресенье. 15:00 МСК	Челси	Арсенал	0 : 1	5	14	20	13	4	6	3	0	44	56	13	23	14	5	3	3	16	13	5	2	0	0
1037713	https://www.championat.com/football/_england/tournament/5025/match/1037713/	15 апреля 2023, суббота. 17:00 МСК	Челси	Брайтон энд Хоув Альбион	1 : 2	8	26	11	11	2	8	1	1	41	59	12	12	9	6	1	6	13	17	2	2	0	0
1037677	https://www.championat.com/football/_england/tournament/5025/match/1037677/	01 апреля 2023, суббота. 19:30 МСК	Челси	Астон Вилла	0 : 2	28	5	14	16	13	2	2	0	69	31	16	16	3	14	6	0	19	9	3	3	0	0
1037139	https://www.championat.com/football/_england/tournament/5025/match/1037139/	14 августа 2022, воскресенье. 18:30 МСК	Челси	Тоттенхэм Хотспур	2 : 2	16	10	9	9	8	5	2	1	64	36	10	11	4	12	7	3	26	17	3	0	0	0
1037297	https://www.championat.com/football/_england/tournament/5025/match/1037297/	08 октября 2022, суббота. 17:00 МСК	Челси	Вулверхэмптон	3 : 0	20	9	8	8	4	2	3	0	59	41	8	11	7	13	3	2	19	23	2	0	0	0
1037257	https://www.championat.com/football/_england/tournament/5025/match/1037257/	04 апреля 2023, вторник. 22:00 МСК	Челси	Ливерпуль	0 : 0	12	7	6	17	3	5	4	3	49	51	20	10	2	9	2	3	17	24	1	4	0	0
1037497	https://www.championat.com/football/_england/tournament/5025/match/1037497/	15 января 2023, воскресенье. 17:00 МСК	Челси	Кристал Пэлас	1 : 0	15	10	10	17	11	7	3	1	65	35	18	13	6	7	5	3	12	24	2	5	0	0
1037217	https://www.championat.com/football/_england/tournament/5025/match/1037217/	03 сентября 2022, суббота. 17:00 МСК	Челси	Вест Хэм Юнайтед	2 : 1	7	6	6	11	10	3	1	1	69	31	12	7	2	11	2	1	17	20	4	2	0	0
1037437	https://www.championat.com/football/_england/tournament/5025/match/1037437/	27 декабря 2022, вторник. 20:30 МСК	Челси	Борнмут	2 : 0	15	9	8	10	6	8	3	1	62	38	11	11	4	9	4	1	11	13	0	0	0	0
1037817	https://www.championat.com/football/_england/tournament/5025/match/1037817/	13 мая 2023, суббота. 17:00 МСК	Челси	Ноттингем Форест	2 : 2	13	10	13	15	2	5	1	2	76	24	17	14	7	5	3	2	26	18	3	1	0	0
1037765	https://www.championat.com/football/_england/tournament/5025/match/1037765/	26 апреля 2023, среда. 21:45 МСК	Челси	Брентфорд	0 : 2	14	7	5	13	5	2	0	2	73	27	15	5	3	11	2	1	21	28	1	2	0	0
1037537	https://www.championat.com/football/_england/tournament/5025/match/1037537/	03 февраля 2023, пятница. 23:00 МСК	Челси	Фулхэм	0 : 0	12	10	16	12	6	2	3	0	66	34	12	19	5	9	3	3	21	20	1	4	0	0
1037659	https://www.championat.com/football/_england/tournament/5025/match/1037659/	18 марта 2023, суббота. 20:30 МСК	Челси	Эвертон	2 : 2	18	10	8	12	8	2	3	1	69	31	13	11	7	5	9	5	18	23	2	2	0	0
1037179	https://www.championat.com/football/_england/tournament/5025/match/1037179/	27 августа 2022, суббота. 17:00 МСК	Челси	Лестер Сити	2 : 1	6	17	10	7	3	11	3	1	46	54	8	13	9	2	1	4	18	16	2	2	1	0
1037619	https://www.championat.com/football/_england/tournament/5025/match/1037619/	04 марта 2023, суббота. 18:00 МСК	Челси	Лидс Юнайтед	1 : 0	13	11	10	7	5	7	2	2	59	41	9	12	10	12	2	3	14	16	2	0	0	0
1037469	https://www.championat.com/football/_england/tournament/5025/match/1037469/	31 декабря 2022, суббота. 15:30 МСК	Вулверхэмптон	Манчестер Юнайтед	0 : 1	10	16	11	11	7	5	1	2	46	54	13	12	6	2	6	5	18	18	1	3	0	0
1037549	https://www.championat.com/football/_england/tournament/5025/match/1037549/	04 февраля 2023, суббота. 18:00 МСК	Вулверхэмптон	Ливерпуль	3 : 0	12	22	9	7	2	7	1	2	39	61	9	10	10	4	2	10	14	31	1	1	0	0
1037189	https://www.championat.com/football/_england/tournament/5025/match/1037189/	28 августа 2022, воскресенье. 16:00 МСК	Вулверхэмптон	Ньюкасл Юнайтед	1 : 1	10	20	10	11	4	13	3	1	36	64	12	13	2	4	4	11	14	12	2	1	0	0
1037429	https://www.championat.com/football/_england/tournament/5025/match/1037429/	12 ноября 2022, суббота. 22:45 МСК	Вулверхэмптон	Арсенал	0 : 2	11	13	5	6	6	4	3	1	37	63	7	8	7	4	3	3	18	13	3	2	0	0
1037409	https://www.championat.com/football/_england/tournament/5025/match/1037409/	05 ноября 2022, суббота. 18:00 МСК	Вулверхэмптон	Брайтон энд Хоув Альбион	2 : 3	8	18	15	11	4	9	1	1	29	71	12	16	8	3	2	3	9	17	2	0	1	0
1037629	https://www.championat.com/football/_england/tournament/5025/match/1037629/	04 марта 2023, суббота. 18:00 МСК	Вулверхэмптон	Тоттенхэм Хотспур	1 : 0	7	21	11	18	4	8	3	1	46	54	19	14	6	4	0	11	11	22	1	1	0	0
1037709	https://www.championat.com/football/_england/tournament/5025/match/1037709/	08 апреля 2023, суббота. 17:00 МСК	Вулверхэмптон	Челси	1 : 0	9	13	14	10	8	8	2	1	38	62	11	16	4	5	2	8	13	19	2	5	0	0
1037809	https://www.championat.com/football/_england/tournament/5025/match/1037809/	06 мая 2023, суббота. 17:00 МСК	Вулверхэмптон	Астон Вилла	1 : 0	7	17	20	9	5	6	3	2	38	62	11	23	9	4	1	8	15	20	3	3	0	0
1037761	https://www.championat.com/football/_england/tournament/5025/match/1037761/	25 апреля 2023, вторник. 21:30 МСК	Вулверхэмптон	Кристал Пэлас	2 : 0	9	14	13	14	6	11	2	1	40	60	15	15	5	5	2	6	12	25	5	4	0	0
1037329	https://www.championat.com/football/_england/tournament/5025/match/1037329/	15 октября 2022, суббота. 17:00 МСК	Вулверхэмптон	Ноттингем Форест	1 : 0	9	10	17	13	4	5	2	1	58	42	14	19	10	8	3	3	19	18	2	2	0	0
1037729	https://www.championat.com/football/_england/tournament/5025/match/1037729/	15 апреля 2023, суббота. 17:00 МСК	Вулверхэмптон	Брентфорд	2 : 0	11	9	12	8	5	2	0	1	51	49	9	12	6	1	2	3	16	26	1	1	0	0
1037369	https://www.championat.com/football/_england/tournament/5025/match/1037369/	23 октября 2022, воскресенье. 16:00 МСК	Вулверхэмптон	Лестер Сити	0 : 4	21	5	10	13	9	2	3	3	61	39	16	13	4	11	8	0	17	21	2	1	0	0
1037149	https://www.championat.com/football/_england/tournament/5025/match/1037149/	13 августа 2022, суббота. 17:00 МСК	Вулверхэмптон	Фулхэм	0 : 0	7	9	7	14	5	3	1	0	59	41	14	8	6	7	1	1	22	24	3	3	0	0
1037509	https://www.championat.com/football/_england/tournament/5025/match/1037509/	14 января 2023, суббота. 18:00 МСК	Вулверхэмптон	Вест Хэм Юнайтед	1 : 0	17	16	10	7	4	3	4	1	58	42	8	14	6	4	7	8	18	23	0	2	0	0
1037849	https://www.championat.com/football/_england/tournament/5025/match/1037849/	20 мая 2023, суббота. 17:00 МСК	Вулверхэмптон	Эвертон	1 : 1	13	19	18	10	1	7	1	0	53	47	10	19	10	8	2	6	11	22	5	1	0	0
1037589	https://www.championat.com/football/_england/tournament/5025/match/1037589/	18 февраля 2023, суббота. 18:00 МСК	Вулверхэмптон	Борнмут	0 : 1	14	4	12	10	12	2	2	0	68	32	10	14	3	9	6	3	18	21	3	3	0	0
1037727	https://www.championat.com/football/_england/tournament/5025/match/1037727/	16 апреля 2023, воскресенье. 16:00 МСК	Вест Хэм Юнайтед	Арсенал	2 : 2	14	11	11	8	7	2	4	1	28	72	9	15	5	8	6	3	25	21	1	2	0	0
1037669	https://www.championat.com/football/_england/tournament/5025/match/1037669/	18 марта 2023, суббота. 18:00 МСК	Вулверхэмптон	Лидс Юнайтед	2 : 4	23	11	14	9	5	4	2	0	66	34	9	16	9	9	8	2	21	19	3	5	2	0
1037807	https://www.championat.com/football/_england/tournament/5025/match/1037807/	07 мая 2023, воскресенье. 21:00 МСК	Вест Хэм Юнайтед	Манчестер Юнайтед	1 : 0	13	17	4	9	5	6	1	1	34	66	10	5	11	10	6	3	9	17	0	2	0	0
1037249	https://www.championat.com/football/_england/tournament/5025/match/1037249/	05 апреля 2023, среда. 22:00 МСК	Вест Хэм Юнайтед	Ньюкасл Юнайтед	1 : 5	7	15	11	12	7	6	0	0	42	58	12	11	7	7	2	3	14	14	2	1	0	0
1037467	https://www.championat.com/football/_england/tournament/5025/match/1037467/	30 декабря 2022, пятница. 22:45 МСК	Вест Хэм Юнайтед	Брентфорд	0 : 2	20	9	9	5	8	1	0	0	63	37	5	9	6	12	7	1	28	13	1	0	0	0
1037649	https://www.championat.com/football/_england/tournament/5025/match/1037649/	12 марта 2023, воскресенье. 17:00 МСК	Вест Хэм Юнайтед	Астон Вилла	1 : 1	16	8	8	6	12	2	6	1	41	59	7	14	5	8	3	1	11	16	1	0	0	0
1037309	https://www.championat.com/football/_england/tournament/5025/match/1037309/	09 октября 2022, воскресенье. 16:00 МСК	Вест Хэм Юнайтед	Фулхэм	3 : 1	17	7	9	7	4	2	1	2	51	49	9	10	6	7	6	2	16	17	1	3	0	0
1037169	https://www.championat.com/football/_england/tournament/5025/match/1037169/	21 августа 2022, воскресенье. 16:00 МСК	Вест Хэм Юнайтед	Брайтон энд Хоув Альбион	0 : 2	13	11	10	7	5	4	3	1	48	52	8	13	8	4	7	4	22	15	2	0	0	0
1037289	https://www.championat.com/football/_england/tournament/5025/match/1037289/	01 октября 2022, суббота. 19:30 МСК	Вест Хэм Юнайтед	Вулверхэмптон	2 : 0	18	15	9	6	1	6	2	1	38	62	7	11	15	6	9	4	11	21	2	2	0	0
1037201	https://www.championat.com/football/_england/tournament/5025/match/1037201/	31 августа 2022, среда. 21:45 МСК	Вест Хэм Юнайтед	Тоттенхэм Хотспур	1 : 1	14	12	10	9	3	4	1	0	38	62	9	11	5	10	2	6	16	19	2	5	0	0
1037569	https://www.championat.com/football/_england/tournament/5025/match/1037569/	11 февраля 2023, суббота. 15:30 МСК	Вест Хэм Юнайтед	Челси	1 : 1	10	12	9	11	5	6	3	4	28	72	15	12	6	5	3	4	18	14	1	1	0	0
1037847	https://www.championat.com/football/_england/tournament/5025/match/1037847/	21 мая 2023, воскресенье. 15:30 МСК	Вест Хэм Юнайтед	Лидс Юнайтед	3 : 1	19	12	6	11	9	5	1	1	59	41	12	7	9	3	6	3	24	17	1	3	0	0
1037367	https://www.championat.com/football/_england/tournament/5025/match/1037367/	24 октября 2022, понедельник. 22:00 МСК	Вест Хэм Юнайтед	Борнмут	2 : 0	20	5	9	11	5	0	1	0	54	46	11	10	5	11	9	0	24	19	0	2	0	0
1037609	https://www.championat.com/football/_england/tournament/5025/match/1037609/	25 февраля 2023, суббота. 18:00 МСК	Вест Хэм Юнайтед	Ноттингем Форест	4 : 0	18	8	8	5	12	3	1	1	49	51	6	9	7	7	5	2	15	18	0	0	0	0
1037529	https://www.championat.com/football/_england/tournament/5025/match/1037529/	21 января 2023, суббота. 18:00 МСК	Вест Хэм Юнайтед	Эвертон	2 : 0	11	5	9	6	4	9	1	2	32	68	8	10	4	5	2	1	14	12	1	1	0	0
1037759	https://www.championat.com/football/_england/tournament/5025/match/1037759/	26 апреля 2023, среда. 21:45 МСК	Вест Хэм Юнайтед	Ливерпуль	1 : 2	7	18	6	8	3	6	1	1	28	72	9	7	7	9	1	7	19	13	0	0	0	0
1037407	https://www.championat.com/football/_england/tournament/5025/match/1037407/	06 ноября 2022, воскресенье. 17:00 МСК	Вест Хэм Юнайтед	Кристал Пэлас	1 : 2	5	15	10	7	2	5	4	0	41	59	7	14	6	4	0	7	11	18	1	1	0	0
1037551	https://www.championat.com/football/_england/tournament/5025/match/1037551/	11 февраля 2023, суббота. 20:30 МСК	Борнмут	Ньюкасл Юнайтед	1 : 1	11	15	8	10	4	6	2	5	33	67	15	10	7	8	1	3	22	21	2	3	0	0
1037631	https://www.championat.com/football/_england/tournament/5025/match/1037631/	11 марта 2023, суббота. 15:30 МСК	Борнмут	Ливерпуль	1 : 0	5	13	7	9	3	8	2	4	31	69	13	9	8	6	0	1	21	36	2	1	0	0
1037151	https://www.championat.com/football/_england/tournament/5025/match/1037151/	20 августа 2022, суббота. 19:30 МСК	Борнмут	Арсенал	0 : 3	6	14	12	10	3	4	1	3	41	59	13	13	7	4	0	4	25	15	2	1	0	0
1037231	https://www.championat.com/football/_england/tournament/5025/match/1037231/	04 апреля 2023, вторник. 21:45 МСК	Борнмут	Брайтон энд Хоув Альбион	0 : 2	14	16	11	5	5	5	1	0	37	63	5	12	11	10	5	1	17	16	1	1	0	0
1037371	https://www.championat.com/football/_england/tournament/5025/match/1037371/	29 октября 2022, суббота. 17:00 МСК	Борнмут	Тоттенхэм Хотспур	2 : 3	6	17	10	5	2	19	0	3	31	69	8	10	11	5	1	2	11	12	1	2	0	0
1037271	https://www.championat.com/football/_england/tournament/5025/match/1037271/	01 октября 2022, суббота. 17:00 МСК	Борнмут	Брентфорд	0 : 0	7	14	11	10	7	8	1	2	41	59	12	12	11	9	2	5	10	19	1	2	0	0
1037831	https://www.championat.com/football/_england/tournament/5025/match/1037831/	20 мая 2023, суббота. 17:00 МСК	Борнмут	Манчестер Юнайтед	0 : 1	10	20	6	7	3	6	0	2	41	59	9	6	9	5	3	7	11	24	1	0	0	0
1037427	https://www.championat.com/football/_england/tournament/5025/match/1037427/	12 ноября 2022, суббота. 18:00 МСК	Вест Хэм Юнайтед	Лестер Сити	0 : 2	20	9	9	8	7	2	2	0	54	46	8	11	3	12	4	1	28	26	3	1	0	0
1037115	https://www.championat.com/football/_england/tournament/5025/match/1037115/	06 августа 2022, суббота. 17:00 МСК	Борнмут	Астон Вилла	2 : 0	8	16	17	16	5	5	1	4	34	66	20	18	12	3	3	7	15	17	3	3	0	0
1037671	https://www.championat.com/football/_england/tournament/5025/match/1037671/	01 апреля 2023, суббота. 17:00 МСК	Борнмут	Фулхэм	2 : 1	12	10	15	13	4	3	1	1	43	57	14	16	10	7	2	2	12	18	1	4	0	0
1037451	https://www.championat.com/football/_england/tournament/5025/match/1037451/	31 декабря 2022, суббота. 18:00 МСК	Борнмут	Кристал Пэлас	0 : 2	6	15	17	11	2	7	1	1	59	41	12	18	6	5	1	6	41	29	4	1	0	0
1037191	https://www.championat.com/football/_england/tournament/5025/match/1037191/	31 августа 2022, среда. 21:30 МСК	Борнмут	Вулверхэмптон	0 : 0	5	17	12	12	2	5	0	3	34	66	15	12	12	1	1	5	21	16	2	1	0	0
1037791	https://www.championat.com/football/_england/tournament/5025/match/1037791/	06 мая 2023, суббота. 17:00 МСК	Борнмут	Челси	1 : 3	10	11	9	11	7	7	1	0	34	66	11	10	9	6	2	1	22	19	1	3	0	0
1037771	https://www.championat.com/football/_england/tournament/5025/match/1037771/	30 апреля 2023, воскресенье. 16:00 МСК	Борнмут	Лидс Юнайтед	4 : 1	12	15	12	14	2	5	2	1	43	57	15	14	9	3	3	5	20	27	1	0	0	0
1037291	https://www.championat.com/football/_england/tournament/5025/match/1037291/	08 октября 2022, суббота. 17:00 МСК	Борнмут	Лестер Сити	2 : 1	9	10	8	16	7	2	3	0	44	56	16	11	3	4	3	3	24	15	1	2	0	0
1037411	https://www.championat.com/football/_england/tournament/5025/match/1037411/	12 ноября 2022, суббота. 18:00 МСК	Борнмут	Эвертон	3 : 0	17	15	12	8	3	5	1	1	36	64	9	13	15	6	4	6	14	15	2	0	0	0
1037731	https://www.championat.com/football/_england/tournament/5025/match/1037731/	23 апреля 2023, воскресенье. 16:00 МСК	Борнмут	Вест Хэм Юнайтед	0 : 4	17	18	7	8	8	5	0	3	64	36	11	7	4	13	6	4	24	13	1	2	0	0
1037361	https://www.championat.com/football/_england/tournament/5025/match/1037361/	22 октября 2022, суббота. 14:30 МСК	Ноттингем Форест	Ливерпуль	1 : 0	10	16	14	8	2	11	3	0	25	75	8	17	11	1	2	1	13	30	2	1	0	0
1037843	https://www.championat.com/football/_england/tournament/5025/match/1037843/	20 мая 2023, суббота. 19:30 МСК	Ноттингем Форест	Арсенал	1 : 0	6	11	11	12	3	6	1	1	18	82	13	12	12	2	1	1	14	11	3	2	0	0
1037721	https://www.championat.com/football/_england/tournament/5025/match/1037721/	16 апреля 2023, воскресенье. 18:30 МСК	Ноттингем Форест	Манчестер Юнайтед	0 : 2	7	21	9	9	4	9	1	3	32	68	12	10	12	8	2	5	18	25	2	2	0	0
1037307	https://www.championat.com/football/_england/tournament/5025/match/1037307/	10 октября 2022, понедельник. 22:00 МСК	Ноттингем Форест	Астон Вилла	1 : 1	6	12	13	19	1	4	0	3	39	61	22	13	7	3	2	9	22	19	3	3	0	0
1037755	https://www.championat.com/football/_england/tournament/5025/match/1037755/	26 апреля 2023, среда. 21:30 МСК	Ноттингем Форест	Брайтон энд Хоув Альбион	3 : 1	12	16	7	8	2	7	1	2	25	75	10	8	10	9	2	4	17	18	2	0	0	0
1037665	https://www.championat.com/football/_england/tournament/5025/match/1037665/	17 марта 2023, пятница. 23:00 МСК	Ноттингем Форест	Ньюкасл Юнайтед	1 : 2	5	15	17	9	3	7	1	1	39	61	10	18	9	7	1	6	21	16	5	1	0	0
1037511	https://www.championat.com/football/_england/tournament/5025/match/1037511/	21 января 2023, суббота. 18:00 МСК	Борнмут	Ноттингем Форест	1 : 1	16	20	10	7	4	6	2	2	42	58	9	12	11	8	5	6	19	17	1	2	0	0
1037463	https://www.championat.com/football/_england/tournament/5025/match/1037463/	01 января 2023, воскресенье. 19:30 МСК	Ноттингем Форест	Челси	1 : 1	12	7	16	14	1	2	2	2	28	72	16	18	4	6	3	3	21	20	2	2	0	0
1037401	https://www.championat.com/football/_england/tournament/5025/match/1037401/	05 ноября 2022, суббота. 18:00 МСК	Ноттингем Форест	Брентфорд	2 : 2	15	5	10	11	3	3	0	2	48	52	13	10	6	12	3	1	32	23	2	2	0	0
1037185	https://www.championat.com/football/_england/tournament/5025/match/1037185/	28 августа 2022, воскресенье. 18:30 МСК	Ноттингем Форест	Тоттенхэм Хотспур	0 : 2	17	18	11	13	6	1	1	3	56	44	16	12	9	10	6	4	17	16	6	1	0	0
1037265	https://www.championat.com/football/_england/tournament/5025/match/1037265/	16 сентября 2022, пятница. 22:00 МСК	Ноттингем Форест	Фулхэм	2 : 3	10	14	10	10	2	10	2	2	40	60	12	12	6	6	3	5	17	13	2	4	0	0
1037423	https://www.championat.com/football/_england/tournament/5025/match/1037423/	12 ноября 2022, суббота. 18:00 МСК	Ноттингем Форест	Кристал Пэлас	1 : 0	8	7	11	13	1	5	3	0	32	68	13	14	7	11	0	1	21	20	1	4	0	0
1037625	https://www.championat.com/football/_england/tournament/5025/match/1037625/	05 марта 2023, воскресенье. 17:00 МСК	Ноттингем Форест	Эвертон	2 : 2	10	10	11	17	3	3	0	0	57	43	17	11	3	3	4	5	27	20	3	5	0	0
1037225	https://www.championat.com/football/_england/tournament/5025/match/1037225/	03 сентября 2022, суббота. 17:00 МСК	Ноттингем Форест	Борнмут	2 : 3	9	8	13	10	4	6	1	1	52	48	11	14	6	6	3	3	20	27	2	1	0	0
1037145	https://www.championat.com/football/_england/tournament/5025/match/1037145/	14 августа 2022, воскресенье. 16:00 МСК	Ноттингем Форест	Вест Хэм Юнайтед	1 : 0	13	19	10	11	6	7	3	2	44	56	13	13	9	5	3	7	15	22	4	1	0	0
1037505	https://www.championat.com/football/_england/tournament/5025/match/1037505/	14 января 2023, суббота. 18:00 МСК	Ноттингем Форест	Лестер Сити	2 : 0	14	6	11	12	3	5	2	1	39	61	13	13	5	9	5	2	15	25	1	2	0	0
1037539	https://www.championat.com/football/_england/tournament/5025/match/1037539/	04 февраля 2023, суббота. 15:30 МСК	Эвертон	Арсенал	1 : 0	13	14	13	8	7	5	2	0	30	70	8	15	14	8	3	4	17	21	4	1	0	0
1037545	https://www.championat.com/football/_england/tournament/5025/match/1037545/	05 февраля 2023, воскресенье. 17:00 МСК	Ноттингем Форест	Лидс Юнайтед	1 : 0	6	10	15	14	0	2	2	3	30	70	17	17	12	3	2	3	20	37	4	2	0	0
1037751	https://www.championat.com/football/_england/tournament/5025/match/1037751/	27 апреля 2023, четверг. 21:45 МСК	Эвертон	Ньюкасл Юнайтед	1 : 4	13	15	8	6	3	14	3	1	40	60	7	11	8	11	3	4	15	31	2	1	0	0
1037687	https://www.championat.com/football/_england/tournament/5025/match/1037687/	01 апреля 2023, суббота. 17:00 МСК	Ноттингем Форест	Вулверхэмптон	1 : 1	15	6	14	13	4	3	2	0	28	72	13	16	6	7	3	3	18	19	3	5	0	0
1037481	https://www.championat.com/football/_england/tournament/5025/match/1037481/	03 января 2023, вторник. 22:45 МСК	Эвертон	Брайтон энд Хоув Альбион	1 : 4	10	19	8	10	5	2	1	0	49	51	10	9	9	7	1	5	15	20	3	1	0	0
1037301	https://www.championat.com/football/_england/tournament/5025/match/1037301/	09 октября 2022, воскресенье. 21:00 МСК	Эвертон	Манчестер Юнайтед	1 : 2	12	12	7	13	5	4	1	4	39	61	17	8	9	13	7	3	12	17	2	1	0	0
1037715	https://www.championat.com/football/_england/tournament/5025/match/1037715/	15 апреля 2023, суббота. 17:00 МСК	Эвертон	Фулхэм	1 : 3	16	18	10	6	4	7	1	0	46	54	6	11	8	7	2	6	17	23	3	2	0	0
1037219	https://www.championat.com/football/_england/tournament/5025/match/1037219/	03 сентября 2022, суббота. 14:30 МСК	Эвертон	Ливерпуль	0 : 0	12	20	7	11	7	9	3	2	39	61	13	10	11	7	4	5	22	35	2	2	0	0
1037635	https://www.championat.com/football/_england/tournament/5025/match/1037635/	11 марта 2023, суббота. 18:00 МСК	Эвертон	Брентфорд	1 : 0	13	13	11	12	5	8	3	1	33	67	13	14	11	4	1	3	9	27	2	1	0	0
1037595	https://www.championat.com/football/_england/tournament/5025/match/1037595/	25 февраля 2023, суббота. 18:00 МСК	Эвертон	Астон Вилла	0 : 2	13	9	12	12	5	1	1	0	47	53	12	13	8	8	3	0	22	23	2	1	0	0
1037681	https://www.championat.com/football/_england/tournament/5025/match/1037681/	03 апреля 2023, понедельник. 22:00 МСК	Эвертон	Тоттенхэм Хотспур	1 : 1	15	8	10	14	3	3	1	3	40	60	17	11	7	9	4	2	13	15	0	3	1	1
1037259	https://www.championat.com/football/_england/tournament/5025/match/1037259/	18 сентября 2022, воскресенье. 16:15 МСК	Эвертон	Вест Хэм Юнайтед	1 : 0	7	14	8	11	5	14	1	1	53	47	12	9	7	10	1	6	19	21	3	1	0	0
1037441	https://www.championat.com/football/_england/tournament/5025/match/1037441/	26 декабря 2022, понедельник. 18:00 МСК	Эвертон	Вулверхэмптон	1 : 2	12	7	9	22	2	2	1	2	59	41	24	10	5	6	2	2	18	28	1	6	0	0
1037355	https://www.championat.com/football/_england/tournament/5025/match/1037355/	22 октября 2022, суббота. 17:00 МСК	Эвертон	Кристал Пэлас	3 : 0	9	9	16	14	3	4	1	2	47	53	16	17	6	5	2	3	23	23	3	4	0	0
1037125	https://www.championat.com/football/_england/tournament/5025/match/1037125/	06 августа 2022, суббота. 19:30 МСК	Эвертон	Челси	0 : 1	9	15	14	11	4	16	0	2	37	63	13	14	6	7	2	6	22	16	3	2	0	0
1037861	https://www.championat.com/football/_england/tournament/5025/match/1037861/	28 мая 2023, воскресенье. 18:30 МСК	Эвертон	Борнмут	1 : 0	13	7	11	12	9	3	0	1	38	62	13	11	7	10	2	2	20	21	1	3	0	0
1037445	https://www.championat.com/football/_england/tournament/5025/match/1037445/	26 декабря 2022, понедельник. 18:00 МСК	Лестер Сити	Ньюкасл Юнайтед	0 : 3	8	11	9	6	5	5	3	1	61	39	7	12	7	6	4	3	23	22	0	0	0	0
1037155	https://www.championat.com/football/_england/tournament/5025/match/1037155/	20 августа 2022, суббота. 17:00 МСК	Эвертон	Ноттингем Форест	1 : 1	20	13	6	9	6	2	4	1	49	51	10	10	9	10	6	2	21	18	3	2	0	0
1037395	https://www.championat.com/football/_england/tournament/5025/match/1037395/	05 ноября 2022, суббота. 20:30 МСК	Эвертон	Лестер Сити	0 : 2	13	22	9	5	8	3	0	1	49	51	6	9	12	5	5	7	20	18	0	0	0	0
1037601	https://www.championat.com/football/_england/tournament/5025/match/1037601/	25 февраля 2023, суббота. 18:00 МСК	Лестер Сити	Арсенал	0 : 1	1	10	14	9	0	8	4	4	34	66	13	18	9	5	0	5	20	17	0	1	0	0
1037199	https://www.championat.com/football/_england/tournament/5025/match/1037199/	01 сентября 2022, четверг. 22:00 МСК	Лестер Сити	Манчестер Юнайтед	0 : 1	10	8	7	15	1	3	0	2	53	47	17	7	4	8	4	3	18	24	1	3	0	0
1037241	https://www.championat.com/football/_england/tournament/5025/match/1037241/	04 апреля 2023, вторник. 21:45 МСК	Лестер Сити	Астон Вилла	1 : 2	8	15	10	14	4	8	2	1	35	65	15	12	8	6	1	5	7	17	3	0	1	0
1037579	https://www.championat.com/football/_england/tournament/5025/match/1037579/	18 февраля 2023, суббота. 18:00 МСК	Эвертон	Лидс Юнайтед	1 : 0	15	8	8	6	6	4	1	0	50	50	6	9	9	13	2	5	30	21	2	3	0	0
1037521	https://www.championat.com/football/_england/tournament/5025/match/1037521/	21 января 2023, суббота. 18:00 МСК	Лестер Сити	Брайтон энд Хоув Альбион	2 : 2	7	12	9	9	5	6	0	2	36	64	11	9	10	1	4	3	18	22	0	1	0	0
1037119	https://www.championat.com/football/_england/tournament/5025/match/1037119/	07 августа 2022, воскресенье. 16:00 МСК	Лестер Сити	Брентфорд	2 : 2	15	8	6	5	5	6	2	2	55	45	7	8	3	7	3	2	20	11	0	0	0	0
1037485	https://www.championat.com/football/_england/tournament/5025/match/1037485/	03 января 2023, вторник. 22:45 МСК	Лестер Сити	Фулхэм	0 : 1	14	10	12	11	6	3	0	1	61	39	12	12	9	9	4	3	25	25	2	6	0	0
1037561	https://www.championat.com/football/_england/tournament/5025/match/1037561/	11 февраля 2023, суббота. 18:00 МСК	Лестер Сити	Тоттенхэм Хотспур	4 : 1	15	10	14	9	1	5	2	2	50	50	11	16	4	5	2	1	22	13	5	2	0	0
1037319	https://www.championat.com/football/_england/tournament/5025/match/1037319/	15 октября 2022, суббота. 14:30 МСК	Лестер Сити	Кристал Пэлас	0 : 0	13	8	17	13	9	2	2	1	53	47	14	19	6	7	3	3	24	16	2	2	0	0
1037825	https://www.championat.com/football/_england/tournament/5025/match/1037825/	15 мая 2023, понедельник. 22:00 МСК	Лестер Сити	Ливерпуль	0 : 3	4	15	11	17	4	4	3	4	32	68	21	14	5	2	0	4	27	26	2	1	0	0
1037641	https://www.championat.com/football/_england/tournament/5025/match/1037641/	11 марта 2023, суббота. 18:00 МСК	Лестер Сити	Челси	1 : 3	17	11	10	11	2	5	0	4	52	48	15	10	2	4	6	2	19	14	2	2	1	0
1037717	https://www.championat.com/football/_england/tournament/5025/match/1037717/	17 апреля 2023, понедельник. 22:00 МСК	Лидс Юнайтед	Ливерпуль	1 : 6	12	13	6	12	4	2	1	2	27	73	14	7	6	6	4	2	15	22	0	1	0	0
1037281	https://www.championat.com/football/_england/tournament/5025/match/1037281/	03 октября 2022, понедельник. 22:00 МСК	Лестер Сити	Ноттингем Форест	4 : 0	17	10	13	12	6	6	3	4	51	49	16	16	6	8	4	3	13	18	2	4	0	0
1037743	https://www.championat.com/football/_england/tournament/5025/match/1037743/	22 апреля 2023, суббота. 17:00 МСК	Лестер Сити	Вулверхэмптон	2 : 1	15	16	17	16	1	7	1	3	42	58	19	18	14	4	4	6	18	22	1	3	0	0
1037783	https://www.championat.com/football/_england/tournament/5025/match/1037783/	01 мая 2023, понедельник. 22:00 МСК	Лестер Сити	Эвертон	2 : 2	14	21	10	12	2	9	6	3	56	44	15	16	11	7	5	5	17	30	4	1	0	0
1037341	https://www.championat.com/football/_england/tournament/5025/match/1037341/	20 октября 2022, четверг. 22:15 МСК	Лестер Сити	Лидс Юнайтед	2 : 0	6	15	15	11	2	9	4	2	47	53	13	19	8	7	3	5	17	28	2	1	0	0
1037317	https://www.championat.com/football/_england/tournament/5025/match/1037317/	16 октября 2022, воскресенье. 16:00 МСК	Лидс Юнайтед	Арсенал	0 : 1	16	9	10	11	6	3	4	0	47	53	11	14	5	8	7	3	14	22	0	2	0	0
1037865	https://www.championat.com/football/_england/tournament/5025/match/1037865/	28 мая 2023, воскресенье. 18:30 МСК	Лестер Сити	Вест Хэм Юнайтед	2 : 1	13	16	8	10	3	5	2	3	49	51	13	10	8	9	3	4	16	11	1	1	0	0
1037699	https://www.championat.com/football/_england/tournament/5025/match/1037699/	08 апреля 2023, суббота. 17:00 МСК	Лестер Сити	Борнмут	0 : 1	11	15	10	13	6	6	3	2	51	49	15	13	8	8	1	7	27	24	0	3	0	0
1037823	https://www.championat.com/football/_england/tournament/5025/match/1037823/	13 мая 2023, суббота. 14:30 МСК	Лидс Юнайтед	Ньюкасл Юнайтед	2 : 2	10	18	16	14	2	6	0	2	36	64	16	16	13	6	3	6	14	23	4	2	1	0
1037863	https://www.championat.com/football/_england/tournament/5025/match/1037863/	28 мая 2023, воскресенье. 18:30 МСК	Лидс Юнайтед	Тоттенхэм Хотспур	1 : 4	18	9	7	5	12	3	1	1	52	48	6	8	1	11	9	1	21	20	3	0	0	0
1037279	https://www.championat.com/football/_england/tournament/5025/match/1037279/	02 октября 2022, воскресенье. 18:30 МСК	Лидс Юнайтед	Астон Вилла	0 : 0	6	19	23	12	2	9	0	2	44	56	14	23	8	4	3	4	18	16	4	2	1	0
1037357	https://www.championat.com/football/_england/tournament/5025/match/1037357/	23 октября 2022, воскресенье. 16:00 МСК	Лидс Юнайтед	Фулхэм	2 : 3	14	10	12	8	3	6	4	4	58	42	12	16	4	9	4	4	26	22	1	1	0	0
1037559	https://www.championat.com/football/_england/tournament/5025/match/1037559/	12 февраля 2023, воскресенье. 17:00 МСК	Лидс Юнайтед	Манчестер Юнайтед	0 : 2	16	11	10	13	7	3	3	3	33	67	16	13	4	11	6	2	19	16	2	1	0	0
1037519	https://www.championat.com/football/_england/tournament/5025/match/1037519/	22 января 2023, воскресенье. 17:00 МСК	Лидс Юнайтед	Брентфорд	0 : 0	10	6	10	18	2	3	1	1	59	41	19	11	9	6	3	1	25	23	2	2	0	0
1037639	https://www.championat.com/football/_england/tournament/5025/match/1037639/	11 марта 2023, суббота. 18:00 МСК	Лидс Юнайтед	Брайтон энд Хоув Альбион	2 : 2	13	16	12	9	4	7	3	3	38	62	12	15	8	9	6	6	6	14	1	1	0	0
1037697	https://www.championat.com/football/_england/tournament/5025/match/1037697/	09 апреля 2023, воскресенье. 16:00 МСК	Лидс Юнайтед	Кристал Пэлас	1 : 5	11	15	11	8	2	4	2	2	50	50	10	13	3	3	1	3	24	25	3	1	0	0
1037159	https://www.championat.com/football/_england/tournament/5025/match/1037159/	21 августа 2022, воскресенье. 16:00 МСК	Лидс Юнайтед	Челси	3 : 0	12	14	16	15	4	6	1	7	40	60	22	17	7	6	2	7	17	28	0	2	0	1
1037483	https://www.championat.com/football/_england/tournament/5025/match/1037483/	04 января 2023, среда. 22:45 МСК	Лидс Юнайтед	Вест Хэм Юнайтед	2 : 2	14	15	11	18	8	1	3	3	63	37	21	14	13	12	2	3	23	25	3	1	0	0
1037239	https://www.championat.com/football/_england/tournament/5025/match/1037239/	04 апреля 2023, вторник. 21:45 МСК	Лидс Юнайтед	Ноттингем Форест	2 : 1	21	13	11	13	11	4	3	3	63	37	16	14	2	8	9	7	22	23	1	4	0	0
1037117	https://www.championat.com/football/_england/tournament/5025/match/1037117/	06 августа 2022, суббота. 17:00 МСК	Лидс Юнайтед	Вулверхэмптон	2 : 1	12	15	13	9	6	4	0	1	40	60	10	13	9	7	4	3	15	24	2	0	0	0
1037197	https://www.championat.com/football/_england/tournament/5025/match/1037197/	30 августа 2022, вторник. 22:00 МСК	Лидс Юнайтед	Эвертон	1 : 1	14	7	10	9	10	2	2	2	70	30	11	12	2	11	1	3	38	22	3	3	0	0
1037753	https://www.championat.com/football/_england/tournament/5025/match/1037753/	25 апреля 2023, вторник. 22:00 МСК	Лидс Юнайтед	Лестер Сити	1 : 1	12	15	14	15	3	6	4	6	40	60	21	18	5	9	4	8	22	29	4	2	0	0
1037363	https://www.championat.com/football/_england/tournament/5025/match/1037363/	23 октября 2022, воскресенье. 16:00 МСК	Саутгемптон	Арсенал	1 : 1	10	12	11	8	9	4	4	3	40	60	11	15	7	2	4	5	17	21	2	1	0	0
1037449	https://www.championat.com/football/_england/tournament/5025/match/1037449/	26 декабря 2022, понедельник. 18:00 МСК	Саутгемптон	Брайтон энд Хоув Альбион	1 : 3	14	7	9	10	4	2	0	1	34	66	11	9	4	5	3	1	22	21	1	2	0	0
1037527	https://www.championat.com/football/_england/tournament/5025/match/1037527/	21 января 2023, суббота. 18:00 МСК	Саутгемптон	Астон Вилла	0 : 1	8	16	19	9	2	2	3	0	34	66	9	22	9	2	1	3	16	21	1	2	0	0
1037869	https://www.championat.com/football/_england/tournament/5025/match/1037869/	28 мая 2023, воскресенье. 18:30 МСК	Саутгемптон	Ливерпуль	4 : 4	14	27	4	10	2	9	0	0	31	69	10	4	10	5	0	11	17	23	0	2	0	0
1037187	https://www.championat.com/football/_england/tournament/5025/match/1037187/	27 августа 2022, суббота. 14:30 МСК	Саутгемптон	Манчестер Юнайтед	0 : 1	17	11	4	14	5	3	1	1	48	52	15	5	4	13	3	4	27	20	0	3	0	0
1037403	https://www.championat.com/football/_england/tournament/5025/match/1037403/	06 ноября 2022, воскресенье. 17:00 МСК	Саутгемптон	Ньюкасл Юнайтед	1 : 4	16	7	7	10	8	2	4	1	56	44	11	11	4	7	5	1	17	17	1	0	0	0
1037397	https://www.championat.com/football/_england/tournament/5025/match/1037397/	05 ноября 2022, суббота. 18:00 МСК	Лидс Юнайтед	Борнмут	4 : 3	14	8	16	10	13	3	0	0	63	37	10	16	1	8	6	1	17	17	2	2	0	0
1037829	https://www.championat.com/football/_england/tournament/5025/match/1037829/	13 мая 2023, суббота. 17:00 МСК	Саутгемптон	Фулхэм	0 : 2	5	9	17	12	1	8	4	1	35	65	13	21	4	4	2	4	17	18	2	0	0	0
1037723	https://www.championat.com/football/_england/tournament/5025/match/1037723/	15 апреля 2023, суббота. 17:00 МСК	Саутгемптон	Кристал Пэлас	0 : 2	11	9	6	13	6	2	3	1	58	42	14	9	8	5	3	3	17	13	3	1	0	0
1037567	https://www.championat.com/football/_england/tournament/5025/match/1037567/	11 февраля 2023, суббота. 18:00 МСК	Саутгемптон	Вулверхэмптон	1 : 2	17	11	12	14	5	2	0	3	41	59	17	12	4	9	7	8	24	23	2	4	0	1
1037205	https://www.championat.com/football/_england/tournament/5025/match/1037205/	30 августа 2022, вторник. 21:45 МСК	Саутгемптон	Челси	2 : 1	9	9	15	10	5	3	0	3	32	68	13	15	4	1	4	3	26	31	2	1	0	0
1037667	https://www.championat.com/football/_england/tournament/5025/match/1037667/	18 марта 2023, суббота. 18:00 МСК	Саутгемптон	Тоттенхэм Хотспур	3 : 3	16	17	13	8	10	3	2	1	51	49	9	15	9	8	4	5	17	11	1	1	0	0
1037247	https://www.championat.com/football/_england/tournament/5025/match/1037247/	15 марта 2023, среда. 22:30 МСК	Саутгемптон	Брентфорд	0 : 2	7	11	14	10	3	3	1	1	66	34	11	15	6	10	2	4	25	17	1	2	0	0
1037287	https://www.championat.com/football/_england/tournament/5025/match/1037287/	01 октября 2022, суббота. 17:00 МСК	Саутгемптон	Эвертон	1 : 2	14	14	11	10	7	6	0	1	54	46	11	11	7	11	2	4	30	15	2	2	0	0
1037627	https://www.championat.com/football/_england/tournament/5025/match/1037627/	04 марта 2023, суббота. 20:30 МСК	Саутгемптон	Лестер Сити	1 : 0	11	12	12	11	3	4	4	2	35	65	13	16	14	6	4	4	20	24	4	2	0	0
1037147	https://www.championat.com/football/_england/tournament/5025/match/1037147/	13 августа 2022, суббота. 17:00 МСК	Саутгемптон	Лидс Юнайтед	2 : 2	14	13	10	12	2	5	1	1	42	58	13	11	6	8	4	4	25	30	1	3	0	0
1037325	https://www.championat.com/football/_england/tournament/5025/match/1037325/	16 октября 2022, воскресенье. 16:00 МСК	Саутгемптон	Вест Хэм Юнайтед	1 : 1	9	24	7	3	4	14	1	0	40	60	3	8	12	3	1	11	17	17	1	1	0	0
1037767	https://www.championat.com/football/_england/tournament/5025/match/1037767/	27 апреля 2023, четверг. 21:45 МСК	Саутгемптон	Борнмут	0 : 1	11	16	9	11	6	4	4	2	56	44	13	13	9	6	3	11	24	20	0	3	0	0
1037489	https://www.championat.com/football/_england/tournament/5025/match/1037489/	04 января 2023, среда. 22:30 МСК	Саутгемптон	Ноттингем Форест	0 : 1	8	11	14	16	6	2	1	0	62	38	16	15	7	11	2	2	30	15	2	2	0	0
